PO_ID,Release Date
162,9/8/2022
163,9/9/2022
164,9/10/2022
165,9/11/2022
166,9/12/2022
167,9/13/2022
168,9/14/2022
169,9/15/2022
170,9/16/2022
171,9/17/2022
172,9/18/2022
173,9/19/2022
174,9/20/2022
175,9/21/2022
176,9/22/2022
177,9/23/2022
178,9/24/2022
179,9/25/2022
180,9/26/2022
181,9/27/2022
182,9/28/2022
183,9/29/2022
184,9/30/2022
185,10/1/2022
186,10/2/2022
187,10/3/2022
188,10/4/2022
189,10/5/2022
190,10/6/2022
191,10/7/2022
192,10/8/2022
193,10/9/2022
194,10/10/2022
195,10/11/2022
196,10/12/2022
197,10/13/2022
198,10/14/2022
199,10/15/2022
200,10/16/2022
201,10/17/2022
202,10/18/2022
203,10/19/2022
204,10/20/2022
205,10/21/2022
206,10/22/2022
207,10/23/2022
208,10/24/2022
209,10/25/2022
210,10/26/2022
211,10/27/2022
212,10/28/2022
213,10/29/2022
214,10/30/2022
215,10/31/2022
216,11/1/2022
217,11/2/2022
218,11/3/2022
219,11/4/2022
220,11/5/2022
221,11/6/2022
222,11/7/2022
223,11/8/2022
224,11/9/2022
225,11/10/2022
226,11/11/2022
227,11/12/2022
228,11/13/2022
229,11/14/2022
230,11/15/2022
231,11/16/2022
232,11/17/2022
233,11/18/2022
234,11/19/2022
235,11/20/2022
236,11/21/2022
237,11/22/2022
238,11/23/2022
239,11/24/2022
240,11/25/2022
241,11/26/2022
242,11/27/2022
243,11/28/2022
244,11/29/2022
245,11/30/2022
246,12/1/2022
247,12/2/2022
248,12/3/2022
249,12/4/2022
250,12/5/2022
251,12/6/2022
252,12/7/2022
253,12/8/2022
254,12/9/2022
255,12/10/2022
256,12/11/2022
257,12/12/2022
258,12/13/2022
259,12/14/2022
260,12/15/2022
261,12/16/2022
262,12/17/2022
263,12/18/2022
264,12/19/2022
265,1/21/2023
266,1/22/2023
267,1/23/2023
268,1/24/2023
269,1/25/2023
270,1/26/2023
271,1/27/2023
272,1/28/2023
273,1/29/2023
274,1/30/2023
275,1/31/2023
276,2/1/2023
277,2/2/2023
278,2/3/2023
279,2/4/2023
280,2/5/2023
281,2/6/2023
282,2/7/2023
283,2/8/2023
284,2/9/2023
285,2/10/2023
286,2/11/2023
287,2/12/2023
288,2/13/2023
289,2/14/2023
290,2/15/2023
291,2/16/2023
292,2/17/2023
293,2/18/2023
294,2/19/2023
295,2/20/2023
296,2/21/2023
297,2/22/2023
298,2/23/2023
299,2/24/2023
300,2/25/2023
301,2/26/2023
302,2/27/2023
303,2/28/2023
304,3/1/2023
305,3/2/2023
306,3/3/2023
307,3/4/2023
308,3/5/2023
309,3/6/2023
310,3/7/2023
311,3/8/2023
312,3/9/2023
313,3/10/2023
314,3/11/2023
315,3/12/2023
316,3/13/2023
317,3/14/2023
318,3/15/2023
319,3/16/2023
320,3/17/2023
321,3/18/2023
322,3/19/2023
323,3/20/2023
324,3/21/2023
325,3/22/2023
326,3/23/2023
327,3/24/2023
328,3/25/2023
329,3/26/2023
330,12/20/2022
331,12/21/2022
332,12/22/2022
333,12/23/2022
